CENSUS_YEAR,DGUID,ALT_GEO_CODE,GEO_LEVEL,GEO_NAME,DATA_QUALITY_FLAG,population_2021,population_density_km2,age_65_plus_pct,average_household_size,median_total_income_2020,low_income_lim_at_pct,renter_households_pct,shelter_cost_30pct_plus_pct,bachelor_or_higher_age25_64_pct,unemployment_rate_pct
2021,2021S05075350001.00,5350001.00,Census tract,5350001.00,00000,599,87.8,10,2.6,57200,9.6,22.4,20.8,59,7.3
2021,2021S05075350002.00,5350002.00,Census tract,5350002.00,00000,604,178,42.1,2.1,40800,11.6,10.5,22.8,54.9,14
2021,2021S05075350003.00,5350003.00,Census tract,5350003.00,00000,457,483.3,11,1.7,59200,12.8,31.5,37,60,7
2021,2021S05075350004.00,5350004.00,Census tract,5350004.00,00000,6306,18525.3,13.4,1.8,33200,22.9,92.7,43.8,34.7,19.2
2021,2021S05075350005.00,5350005.00,Census tract,5350005.00,00000,6957,18483,12.4,1.8,40000,19.8,73.7,34.9,48.9,14.7
2021,2021S05075350006.00,5350006.00,Census tract,5350006.00,00999,119,9224.8,91.7,,,,,,,
2021,2021S05075350007.01,5350007.01,Census tract,5350007.01,00000,3402,17018.5,18.1,1.8,36000,16.6,86.6,40.8,42.8,15.3
2021,2021S05075350007.02,5350007.02,Census tract,5350007.02,00000,4422,10174.9,12.7,1.8,34400,20.2,97,45.8,37,21.3
2021,2021S05075350008.01,5350008.01,Census tract,5350008.01,00000,8480,27425.6,2.2,1.6,70000,9,51.7,39.3,72.4,7.3
2021,2021S05075350008.02,5350008.02,Census tract,5350008.02,00000,11591,6052.4,5.4,1.6,61200,11.5,54.8,40.6,67.6,9.6
2021,2021S05075350009.00,5350009.00,Census tract,5350009.00,00000,520,5038.8,14.4,1.7,29800,25,100,40,35,20
2021,2021S05075350010.01,5350010.01,Census tract,5350010.01,00000,5611,22661.6,7.3,1.7,70500,8.9,41.8,30.4,70.2,6.7
2021,2021S05075350010.02,5350010.02,Census tract,5350010.02,00000,7468,13875.9,9.4,1.7,62800,11.3,46.1,33.5,65.8,7.9
2021,2021S05075350011.01,5350011.01,Census tract,5350011.01,00000,9592,20802.4,3.8,1.5,71000,12.2,57.9,40.1,75.9,6.7
2021,2021S05075350011.02,5350011.02,Census tract,5350011.02,00000,9746,33875.6,2.7,1.5,65000,14.5,62.9,45.2,81.6,8.3
2021,2021S05075350011.03,5350011.03,Census tract,5350011.03,00010,6391,27606.9,3.4,1.5,61600,16,65.3,48.3,78.3,8.5
2021,2021S05075350012.01,5350012.01,Census tract,5350012.01,00000,13554,31484.3,4.1,1.7,55200,16.1,61.4,44.7,70.1,11.1
2021,2021S05075350012.03,5350012.03,Census tract,5350012.03,00000,8957,19204.5,4.4,1.7,63200,14.4,57.6,37.5,79.3,8.6
2021,2021S05075350012.04,5350012.04,Census tract,5350012.04,00000,5688,23631.1,10.3,1.6,61200,11.1,60.5,40.4,73.5,10.8
2021,2021S05075350013.01,5350013.01,Census tract,5350013.01,00000,6820,19877.6,11.7,1.6,64000,15,65.8,34.2,75.9,9.6
2021,2021S05075350013.02,5350013.02,Census tract,5350013.02,00000,10439,24707.7,12.5,1.7,67000,13,55.3,39.6,80.1,10
2021,2021S05075350014.00,5350014.00,Census tract,5350014.00,00000,2382,5039.1,9.2,1.6,60000,20.2,59.2,50.6,82.6,10.8
2021,2021S05075350015.00,5350015.00,Census tract,5350015.00,00000,4922,17209.8,14.3,1.6,66000,13.2,49.9,35.8,75.7,12.2
2021,2021S05075350016.00,5350016.00,Census tract,5350016.00,00000,11144,17641.3,8.2,1.6,66500,11.9,47.8,34.2,72.4,10.8
2021,2021S05075350017.01,5350017.01,Census tract,5350017.01,00000,4787,5964.4,6.5,1.6,63600,13.2,46.6,36.2,70,8.9
2021,2021S05075350017.02,5350017.02,Census tract,5350017.02,00000,8710,15331.8,15.1,1.7,45200,19.1,71.7,35.9,57.9,14.1
2021,2021S05075350018.00,5350018.00,Census tract,5350018.00,00000,3633,10469.7,6.7,1.8,66000,9,51,32.7,68.5,10.3
2021,2021S05075350019.00,5350019.00,Census tract,5350019.00,00000,3269,13133.8,17.1,2.2,39200,17.3,45.6,26,48.9,11.9
2021,2021S05075350020.00,5350020.00,Census tract,5350020.00,00000,2298,3153.6,22.8,2.3,74000,5.2,14.4,23.6,73.7,12.9
2021,2021S05075350021.00,5350021.00,Census tract,5350021.00,00000,5192,5693.6,19.7,2,52400,10.9,56.5,39.1,56.5,11.5
2021,2021S05075350022.00,5350022.00,Census tract,5350022.00,00000,3847,6936.5,14,2.6,65000,6,24.4,20.9,71,11.3
2021,2021S05075350023.00,5350023.00,Census tract,5350023.00,00000,3374,4916.2,19.4,2.4,66000,6.7,23.4,25.3,70.1,11.6
2021,2021S05075350024.00,5350024.00,Census tract,5350024.00,00000,6891,9715.2,14.4,2.3,61200,8.4,39.3,27.7,61.9,9.8
2021,2021S05075350025.00,5350025.00,Census tract,5350025.00,00000,3553,6724.1,12,2.2,50000,11.2,48.6,28.5,52.5,11.3
2021,2021S05075350026.00,5350026.00,Census tract,5350026.00,00000,6409,8246.3,11.2,2.3,49200,12.2,38.2,26.3,49.5,11.3
2021,2021S05075350027.00,5350027.00,Census tract,5350027.00,00000,4405,9076.9,15.6,2.5,42000,11.1,39,22.7,49.4,15.3
2021,2021S05075350028.01,5350028.01,Census tract,5350028.01,00000,1290,6268.2,8.5,2,73000,6.2,37,26.1,68.7,4.1
2021,2021S05075350028.02,5350028.02,Census tract,5350028.02,00000,5868,12665.7,11.8,2.1,58400,9.7,37,24.6,61.5,11.2
2021,2021S05075350029.00,5350029.00,Census tract,5350029.00,00000,6722,9935,14.4,2.3,41600,13.9,47.9,26.8,52.1,15.8
2021,2021S05075350030.00,5350030.00,Census tract,5350030.00,00000,6926,18192.8,9.3,2.1,39200,18.3,62.6,36.4,50.6,16.3
2021,2021S05075350031.00,5350031.00,Census tract,5350031.00,01010,5871,22729.4,10.4,2.1,28800,28.2,80.9,28.6,39.4,18.9
2021,2021S05075350032.00,5350032.00,Census tract,5350032.00,01010,6042,14396,14.7,1.6,30400,30.9,83,42.4,45.6,20.4
2021,2021S05075350033.00,5350033.00,Census tract,5350033.00,01010,5515,17255.9,11.2,1.7,27200,39,83.1,32.7,41.7,19.5
2021,2021S05075350034.01,5350034.01,Census tract,5350034.01,01010,5337,42867.5,13.6,1.6,39200,23.7,68.5,48.5,79,12.8
2021,2021S05075350034.02,5350034.02,Census tract,5350034.02,00010,7992,20070.3,7.2,1.6,40000,24.8,69.6,48.3,66.3,14.7
2021,2021S05075350035.00,5350035.00,Census tract,5350035.00,00000,10506,15853.3,6.7,1.7,42000,25.1,69.8,52.1,79.6,13.9
2021,2021S05075350036.00,5350036.00,Census tract,5350036.00,00000,5685,14827.9,14.2,1.7,39200,22.6,67.7,43,66.2,14
2021,2021S05075350037.00,5350037.00,Census tract,5350037.00,00000,4802,10647.5,16.4,1.9,33600,21.6,72.4,47.8,61.9,20.1
2021,2021S05075350038.00,5350038.00,Census tract,5350038.00,00010,3605,9844.3,18.3,2,27400,25.9,64.4,39.3,48.7,18.8
2021,2021S05075350039.00,5350039.00,Census tract,5350039.00,00000,4505,14180,16.6,2.2,29200,22.5,68.2,35.4,40.7,20.1
2021,2021S05075350040.00,5350040.00,Census tract,5350040.00,00000,4274,11592.1,14.5,2.4,36000,11.8,38.6,33,46.9,12.3
2021,2021S05075350041.00,5350041.00,Census tract,5350041.00,00000,3324,10482.5,15.8,2.2,42000,9.1,40.5,34.2,55.8,14.6
2021,2021S05075350042.00,5350042.00,Census tract,5350042.00,00000,4423,9028.4,16.1,2.2,42000,10,50.4,31.5,56.8,12.1
2021,2021S05075350043.00,5350043.00,Census tract,5350043.00,00000,3670,6625.7,17,2.1,44000,10.1,47,34.9,56.5,12
2021,2021S05075350044.01,5350044.01,Census tract,5350044.01,00000,5016,12628.4,15.9,2.1,48400,10,54.3,34.8,58.8,12.5
2021,2021S05075350044.02,5350044.02,Census tract,5350044.02,00000,4255,45654.5,2.7,1.6,55200,11.8,63.5,44.2,64.9,11.8
2021,2021S05075350045.00,5350045.00,Census tract,5350045.00,00000,3247,11003,14.6,2.2,41200,10.8,63.2,35.6,53.5,14.7
2021,2021S05075350046.00,5350046.00,Census tract,5350046.00,00000,3151,7454.5,15.6,2.4,36800,11,43.4,30.6,41.5,12.7
2021,2021S05075350047.02,5350047.02,Census tract,5350047.02,00000,3511,12233.4,19.4,2,31800,24,75.6,31.6,38.4,16.8
2021,2021S05075350047.03,5350047.03,Census tract,5350047.03,00000,1014,8771.6,9.4,1.9,62800,8,41.6,31.3,67.1,7.7
2021,2021S05075350047.04,5350047.04,Census tract,5350047.04,00000,2773,10127.8,11.7,2.4,48800,7.9,37.4,27.1,61.2,8.6
2021,2021S05075350048.00,5350048.00,Census tract,5350048.00,00000,3353,10011.9,10.9,2.3,46800,9.8,52.6,31.6,59.4,12.9
2021,2021S05075350049.00,5350049.00,Census tract,5350049.00,00000,3351,7203.4,16.7,2.3,52800,7.7,51.3,30,65.6,10.6
2021,2021S05075350050.01,5350050.01,Census tract,5350050.01,00000,8648,6662,20.3,2,61600,7.6,26.6,28.1,67.4,9.7
2021,2021S05075350050.03,5350050.03,Census tract,5350050.03,00000,1085,634.1,16.1,1.9,70000,9.4,20.5,28.2,67.4,7.7
2021,2021S05075350050.04,5350050.04,Census tract,5350050.04,00000,4907,6485.6,16.3,2.3,50000,11,51.3,25.9,61.9,14.9
2021,2021S05075350051.00,5350051.00,Census tract,5350051.00,00000,4979,7203.4,14.2,2.3,54000,7.8,54.3,31.8,70.9,11.4
2021,2021S05075350052.00,5350052.00,Census tract,5350052.00,00000,4074,8139.9,11.2,2.2,54400,9.1,46.6,28.8,67,8.5
2021,2021S05075350053.00,5350053.00,Census tract,5350053.00,00000,5823,8514.4,13.3,2.2,42000,11,46.8,33.6,51.4,13.6
2021,2021S05075350054.00,5350054.00,Census tract,5350054.00,00000,5453,7763.4,15.5,2.1,39200,12.4,70.5,38.7,54.1,15.2
2021,2021S05075350055.00,5350055.00,Census tract,5350055.00,00000,2691,9735.9,13.5,2.1,44800,10,61.1,38.5,61.9,9.3
2021,2021S05075350056.00,5350056.00,Census tract,5350056.00,00000,4436,8706.6,15.9,2.3,43200,8.9,51.7,33,59.3,10.5
2021,2021S05075350057.00,5350057.00,Census tract,5350057.00,00000,2287,8584.8,15.3,2.1,42000,11.4,62.3,38.9,63.2,14.5
2021,2021S05075350058.00,5350058.00,Census tract,5350058.00,00000,3757,9781.3,17.3,2,42800,13.5,61.7,35.6,68.7,11.2
2021,2021S05075350059.00,5350059.00,Census tract,5350059.00,00010,3843,10482.8,25,2.2,43200,10.1,53.5,34.7,66.8,13.4
2021,2021S05075350060.00,5350060.00,Census tract,5350060.00,01010,2550,9388.8,12.9,1.9,45200,15.9,56,39,75,16.2
2021,2021S05075350061.00,5350061.00,Census tract,5350061.00,01010,1202,1566.5,14.2,1.6,34000,29.2,95.9,29.9,57.7,20.5
2021,2021S05075350062.01,5350062.01,Census tract,5350062.01,00000,4843,45346.4,18,1.5,45200,22,78.6,55.8,77.1,14.6
2021,2021S05075350062.03,5350062.03,Census tract,5350062.03,01010,4224,9107.4,17.2,1.6,40800,28.1,66.5,60.1,82.1,18.7
2021,2021S05075350062.04,5350062.04,Census tract,5350062.04,00010,8524,70156.4,6.3,1.6,36800,32.8,66.8,58.8,79.5,13.7
2021,2021S05075350063.03,5350063.03,Census tract,5350063.03,00000,4869,52130.6,9.9,1.5,50400,17.4,69.6,45.6,70.1,11.7
2021,2021S05075350063.04,5350063.04,Census tract,5350063.04,00000,4778,33910.6,9.4,1.5,36800,27.3,79.5,48.6,62.4,19.7
2021,2021S05075350063.05,5350063.05,Census tract,5350063.05,00010,6551,50431.1,6.6,1.5,42800,26.5,69.6,56.3,73.8,14.8
2021,2021S05075350063.06,5350063.06,Census tract,5350063.06,00000,6217,32346.5,12.9,1.5,40400,24.6,84.1,48.2,63.9,16.3
2021,2021S05075350064.00,5350064.00,Census tract,5350064.00,00000,4963,25490.5,10.1,1.6,50400,14.2,69.1,40.5,65.1,14.1
2021,2021S05075350065.01,5350065.01,Census tract,5350065.01,01000,2650,30778.2,8.9,1.8,40400,17,97.6,41.7,58.1,16.4
2021,2021S05075350065.02,5350065.02,Census tract,5350065.02,00000,11120,77545.3,11.5,2.2,29400,26.4,98,30.9,38.8,20
2021,2021S05075350066.00,5350066.00,Census tract,5350066.00,00000,7062,21497.7,18.2,1.6,42400,17.4,62.3,36,54.9,14.3
2021,2021S05075350067.00,5350067.00,Census tract,5350067.00,00000,1692,2597.5,20.1,2.2,73500,5.4,22.7,20.4,72,10.1
2021,2021S05075350068.00,5350068.00,Census tract,5350068.00,00000,2451,5870.7,20.8,2,54000,15.1,49.8,26.9,66.2,9.9
2021,2021S05075350069.00,5350069.00,Census tract,5350069.00,00000,4847,5619.7,15.9,2.6,54400,7.8,26.3,21.7,67.3,8.6
2021,2021S05075350070.00,5350070.00,Census tract,5350070.00,00000,3302,7445.3,19.5,2,52400,8.9,63.3,37.5,66.3,9.4
2021,2021S05075350071.00,5350071.00,Census tract,5350071.00,00000,3342,7202.6,17.8,2.4,53600,8.3,36.9,25.4,70,9.8
2021,2021S05075350072.01,5350072.01,Census tract,5350072.01,00000,4509,11103.2,14.6,2.4,34400,18.9,55.2,23.3,50.6,13.4
2021,2021S05075350072.02,5350072.02,Census tract,5350072.02,00000,2985,5508.4,13.1,2.4,46800,9.5,31.7,23.1,54.4,13.6
2021,2021S05075350073.00,5350073.00,Census tract,5350073.00,00000,2478,7065.9,12.7,2.5,38800,11.6,38.9,24.4,48.3,18.6
2021,2021S05075350074.00,5350074.00,Census tract,5350074.00,00000,3723,9516.9,11.3,2.4,42800,12.6,43.8,26.6,48,12
2021,2021S05075350075.00,5350075.00,Census tract,5350075.00,00000,4014,7914,18.6,2.3,43200,12.2,42.9,28.9,56.8,13.3
2021,2021S05075350076.00,5350076.00,Census tract,5350076.00,00000,4237,9049.6,13.7,2.4,48800,12.3,36.8,23.2,59.7,9.8
2021,2021S05075350077.00,5350077.00,Census tract,5350077.00,00000,4493,7492.1,11.7,2.5,53600,9.7,35.6,19.6,58.8,11.6
2021,2021S05075350078.00,5350078.00,Census tract,5350078.00,00000,6282,8241.9,16,2.1,49200,13.6,49.2,21.8,55.2,11.2
2021,2021S05075350079.00,5350079.00,Census tract,5350079.00,00000,7424,7390.7,14,2.5,56800,7.8,25.6,20.6,60.7,11.7
2021,2021S05075350080.01,5350080.01,Census tract,5350080.01,00000,3707,7648,14.2,2.3,47600,9.4,42.3,27.2,52.1,10.6
2021,2021S05075350080.02,5350080.02,Census tract,5350080.02,00000,4642,11478.7,12.1,2.2,33600,18.2,70.5,36.7,41.6,19.3
2021,2021S05075350081.00,5350081.00,Census tract,5350081.00,00000,2848,7739.1,14.6,2.6,49600,6.7,25.5,18.5,56.5,13
2021,2021S05075350082.00,5350082.00,Census tract,5350082.00,00000,2647,8583,14.6,2.6,50400,6.1,31.9,19.8,60.4,12.7
2021,2021S05075350083.00,5350083.00,Census tract,5350083.00,00000,3869,8667.1,22.4,2.1,40400,15.8,46.2,22.8,59.7,11.1
2021,2021S05075350084.00,5350084.00,Census tract,5350084.00,00000,3552,8684.6,16.5,2.4,54800,7.9,33.7,23,75.1,12.8
2021,2021S05075350085.00,5350085.00,Census tract,5350085.00,00000,4160,8409.1,21.9,1.9,48400,13.1,65,32.9,62.9,15
2021,2021S05075350086.00,5350086.00,Census tract,5350086.00,00000,2528,2219.5,18.6,2.8,87000,5.6,12.6,19.1,80.2,8.2
2021,2021S05075350087.00,5350087.00,Census tract,5350087.00,00000,4814,3002.4,36.2,2,76500,7.4,31.1,32.5,75.1,7.7
2021,2021S05075350088.00,5350088.00,Census tract,5350088.00,00000,3127,13613.4,28.2,1.7,55200,15,48.2,39.6,73.4,11.2
2021,2021S05075350089.00,5350089.00,Census tract,5350089.00,01010,5349,16223.8,26.4,1.6,60400,20.6,48.8,46.8,71.7,11.3
2021,2021S05075350090.00,5350090.00,Census tract,5350090.00,00000,4020,10231.6,31,1.7,62400,13.8,45.1,37.1,74.9,9.4
2021,2021S05075350091.01,5350091.01,Census tract,5350091.01,00000,5739,11222.1,27,1.7,54800,15.8,65.7,44.5,76.8,12
2021,2021S05075350091.02,5350091.02,Census tract,5350091.02,00000,3421,10591.3,17.3,1.7,46400,18.4,71.9,35.4,61.3,13
2021,2021S05075350092.00,5350092.00,Census tract,5350092.00,00000,6818,10894.9,14.7,1.9,50400,10.8,73.3,36.8,71.6,12.2
2021,2021S05075350093.00,5350093.00,Census tract,5350093.00,00000,5358,8705.1,17.1,2.3,48000,9.7,45.7,31.1,69.9,11.1
2021,2021S05075350094.00,5350094.00,Census tract,5350094.00,00000,4699,7373.3,14.5,2.4,39200,9.8,45.5,32.2,54.1,14.9
2021,2021S05075350095.00,5350095.00,Census tract,5350095.00,00000,2913,9253.5,16,2.3,40800,9.6,45.3,26.4,60.9,13.6
2021,2021S05075350096.01,5350096.01,Census tract,5350096.01,00000,1610,8094.5,14.9,2.5,37600,8.6,41.4,31.6,40.2,15.4
2021,2021S05075350096.02,5350096.02,Census tract,5350096.02,00000,3156,9037.8,16.6,2.3,38400,9.7,46.8,37.3,50.4,11.6
2021,2021S05075350097.01,5350097.01,Census tract,5350097.01,00000,3929,10342.2,17.2,2.5,36400,11.3,52.5,29.1,49.9,17.7
2021,2021S05075350097.03,5350097.03,Census tract,5350097.03,00000,2078,12391.2,8.9,1.7,36000,22.9,64.5,47.5,44.7,17.1
2021,2021S05075350097.04,5350097.04,Census tract,5350097.04,00000,5031,15575.9,11.2,2.2,41200,9.6,53.8,37.9,40.2,15.5
2021,2021S05075350098.00,5350098.00,Census tract,5350098.00,00000,6976,9734.9,13.3,2.3,41600,12.1,47.3,27.2,51.2,12.8
2021,2021S05075350099.00,5350099.00,Census tract,5350099.00,00000,6282,10808.7,12.7,2,43200,12.8,64.6,36.7,61.8,13.4
2021,2021S05075350100.00,5350100.00,Census tract,5350100.00,00000,2961,10360.4,12.2,2,51600,10.6,35.7,27.1,61.5,13.8
2021,2021S05075350101.00,5350101.00,Census tract,5350101.00,00000,3246,7603.7,11.1,2.1,50000,9.1,61.9,29.8,59.5,13.1
2021,2021S05075350102.02,5350102.02,Census tract,5350102.02,00000,4561,39420.9,15.1,1.7,43200,17,95.5,40.9,59.2,15.8
2021,2021S05075350102.03,5350102.03,Census tract,5350102.03,00000,3576,27318.6,12.7,1.8,48000,14.9,88.1,42.9,65.8,12.5
2021,2021S05075350102.04,5350102.04,Census tract,5350102.04,00000,706,6969.4,14.8,2.4,56000,8.4,50.9,30.4,71.6,16.1
2021,2021S05075350102.05,5350102.05,Census tract,5350102.05,00000,842,7075.6,10.7,2.4,56000,6.2,35.4,18.8,72.4,10.8
2021,2021S05075350103.00,5350103.00,Census tract,5350103.00,00000,6195,7393.5,23.2,2.3,65000,6.6,29.2,23.4,72,11.1
2021,2021S05075350104.00,5350104.00,Census tract,5350104.00,00000,5476,7427.1,13.9,2.7,65000,4.4,25.9,20.7,72.2,10.4
2021,2021S05075350105.00,5350105.00,Census tract,5350105.00,00000,4318,7840.9,14,2.4,49200,8,36.3,26.4,60.2,9.5
2021,2021S05075350106.00,5350106.00,Census tract,5350106.00,00000,3680,2669.2,12.9,2.8,37600,8.2,32.6,23.3,40.2,15.8
2021,2021S05075350107.00,5350107.00,Census tract,5350107.00,00000,4851,6713.3,13.8,2.8,38000,8.5,27.1,22.4,29.1,13.4
2021,2021S05075350108.00,5350108.00,Census tract,5350108.00,00000,5829,7833.6,14,2.4,33200,17,50,24.2,30,16.7
2021,2021S05075350109.00,5350109.00,Census tract,5350109.00,00000,5470,8681.2,13.3,2.5,44000,7.8,39.7,24.3,43.7,10.3
2021,2021S05075350110.00,5350110.00,Census tract,5350110.00,00000,3491,6416.1,15.7,2.5,40000,10.4,35.7,24.4,48.3,10.2
2021,2021S05075350111.00,5350111.00,Census tract,5350111.00,00000,2442,5388.3,16.6,2.7,38800,6.6,24.3,19.4,32,13
2021,2021S05075350112.00,5350112.00,Census tract,5350112.00,00000,4761,9489.7,15.7,2.6,40000,8.5,33.1,26.1,39.4,11.9
2021,2021S05075350113.00,5350113.00,Census tract,5350113.00,00000,2521,6594.3,15.7,2.4,43200,8.5,55,27.6,48.8,9.9
2021,2021S05075350114.00,5350114.00,Census tract,5350114.00,00000,5164,8267.7,24.7,2.1,42800,12.4,51.6,33.6,58.8,12.2
2021,2021S05075350115.00,5350115.00,Census tract,5350115.00,00000,4219,11170.2,23.6,2.4,38000,10.3,50.5,22.9,43.6,14.4
2021,2021S05075350116.00,5350116.00,Census tract,5350116.00,00000,4445,6535.8,24.6,2.2,49600,11,45.4,29.6,65.7,10.8
2021,2021S05075350117.00,5350117.00,Census tract,5350117.00,00000,2518,6321.9,16.3,2,61200,11.1,45.1,29.9,72,11.2
2021,2021S05075350118.00,5350118.00,Census tract,5350118.00,00000,3995,5732.5,32,2,59600,9.3,64.5,45.1,74.8,10.9
2021,2021S05075350119.00,5350119.00,Census tract,5350119.00,00000,4856,5720.3,27.9,2,60400,10.8,55,36.2,67.7,11.3
2021,2021S05075350120.00,5350120.00,Census tract,5350120.00,00000,1418,5483.4,21.1,2.3,81000,7.6,24.4,20.7,78.3,6
2021,2021S05075350121.00,5350121.00,Census tract,5350121.00,00000,3183,10702.8,32.1,1.8,70500,9.9,43,35.4,75.9,5.9
2021,2021S05075350122.00,5350122.00,Census tract,5350122.00,00000,6199,11613,27.4,1.8,62000,9.4,60.5,39,71.7,8.9
2021,2021S05075350123.00,5350123.00,Census tract,5350123.00,00000,2377,31693.3,15.2,1.6,48400,14.2,97.1,43.2,57.4,11.4
2021,2021S05075350124.00,5350124.00,Census tract,5350124.00,00000,5529,10027.2,31.9,1.7,61600,10.2,67.6,42.7,68,11.1
2021,2021S05075350125.00,5350125.00,Census tract,5350125.00,00000,4270,3812.2,18.4,2.8,83000,5.8,18.1,18.2,86.7,8
2021,2021S05075350126.00,5350126.00,Census tract,5350126.00,00000,4164,2873.1,16.3,2.5,69000,5.8,30.2,21.6,74.2,9.9
2021,2021S05075350127.00,5350127.00,Census tract,5350127.00,00000,5293,7147.9,14.5,2.5,63200,5.6,33.7,24,74.5,10.1
2021,2021S05075350128.02,5350128.02,Census tract,5350128.02,00000,12611,24312.7,14.1,1.8,52400,15.4,67.4,43.2,73,10.3
2021,2021S05075350128.04,5350128.04,Census tract,5350128.04,00000,4772,29456.8,22.5,1.6,54000,16.4,57.4,38,66.6,10.2
2021,2021S05075350128.05,5350128.05,Census tract,5350128.05,00000,1127,6205.9,27.4,2,56800,10.2,54.1,35.4,75.8,9.3
2021,2021S05075350128.06,5350128.06,Census tract,5350128.06,00000,4870,56759.9,10.4,1.7,48400,15.1,90.2,42.4,70.5,11.8
2021,2021S05075350129.00,5350129.00,Census tract,5350129.00,00000,5642,6083.7,16,2.2,58800,8.1,56.2,29.5,72.9,11.4
2021,2021S05075350130.00,5350130.00,Census tract,5350130.00,00000,3355,2623.1,20.1,2.7,70500,7.5,31,25.1,72.4,8.8
2021,2021S05075350131.00,5350131.00,Census tract,5350131.00,00000,5258,5034.5,23.6,2.3,62400,9,43,31.3,70.5,9
2021,2021S05075350132.00,5350132.00,Census tract,5350132.00,00000,5350,5786.3,16.6,2.7,49600,7.7,47.5,24.5,66.1,10.1
2021,2021S05075350133.00,5350133.00,Census tract,5350133.00,00000,7082,10609.7,21.8,2.2,42000,13.2,75.7,36.1,56.5,12.6
2021,2021S05075350134.00,5350134.00,Census tract,5350134.00,00000,2911,6980.8,16,2.8,69000,5.4,28.4,22.3,78.3,8.9
2021,2021S05075350135.00,5350135.00,Census tract,5350135.00,00000,6782,9469.4,15.3,2,51600,12.5,67.6,38.8,69.2,11.6
2021,2021S05075350136.01,5350136.01,Census tract,5350136.01,00000,7267,37849,11,1.7,45600,16.8,89.6,45.5,65,14.2
2021,2021S05075350136.02,5350136.02,Census tract,5350136.02,01010,8740,41599.2,11.6,1.7,46000,19.9,74,45.3,67.1,11.9
2021,2021S05075350137.00,5350137.00,Census tract,5350137.00,00000,6916,7565.1,19.2,2.1,51200,11.8,59.4,30.3,69.3,11.5
2021,2021S05075350138.00,5350138.00,Census tract,5350138.00,00000,3010,3117.6,20.4,2.7,64500,8.6,31.1,21.9,78.9,10.1
2021,2021S05075350139.01,5350139.01,Census tract,5350139.01,00000,4316,5579.1,18.4,2.2,60800,9.8,43.1,30.3,73.8,9.7
2021,2021S05075350139.02,5350139.02,Census tract,5350139.02,00000,2440,4789,15.4,2.8,68000,5.5,23.7,24.9,76.6,10.9
2021,2021S05075350140.00,5350140.00,Census tract,5350140.00,00000,2341,4092.7,17.7,3,76500,4.4,16,15.9,78.3,10.6
2021,2021S05075350141.01,5350141.01,Census tract,5350141.01,00000,4493,8163.2,14.6,2.7,70000,5.2,22.3,20.8,78.6,10.1
2021,2021S05075350141.02,5350141.02,Census tract,5350141.02,00000,4653,6767,13.4,2.9,69000,4.7,15.3,20.4,82.7,11.4
2021,2021S05075350142.00,5350142.00,Census tract,5350142.00,00000,5589,5354,17,2.6,67000,6.6,33.6,21.4,78.8,11
2021,2021S05075350150.00,5350150.00,Census tract,5350150.00,00000,4210,3930.9,16.9,2.7,66500,5.8,22.2,21.2,72.1,9.8
2021,2021S05075350151.00,5350151.00,Census tract,5350151.00,00000,3756,5879.8,13.3,2.5,35200,19,60.1,21.1,39.4,17.7
2021,2021S05075350152.00,5350152.00,Census tract,5350152.00,00000,4653,5463.2,13.9,2.6,56800,5.4,17.4,17.7,60,8.9
2021,2021S05075350153.00,5350153.00,Census tract,5350153.00,00000,4460,4790,15.1,2.7,36000,10.2,24.9,23.3,26.5,16.4
2021,2021S05075350154.00,5350154.00,Census tract,5350154.00,00000,6192,2962,24.2,2.2,39600,10.5,28.2,29.7,28.4,11.5
2021,2021S05075350155.00,5350155.00,Census tract,5350155.00,00000,3080,3816.1,14.1,2.5,31600,20.9,47.7,22.9,18.9,16.8
2021,2021S05075350156.01,5350156.01,Census tract,5350156.01,00000,5700,9451.2,18.1,2.5,29200,24.4,74.6,28,17.5,15.9
2021,2021S05075350156.02,5350156.02,Census tract,5350156.02,00000,2810,4783.8,16.4,2.6,35200,13.1,41.9,31.6,24.4,10.9
2021,2021S05075350157.00,5350157.00,Census tract,5350157.00,00000,2716,5896.7,11.6,2.6,34000,15.5,53.7,30,21.3,17.1
2021,2021S05075350158.00,5350158.00,Census tract,5350158.00,00000,3036,4778.8,19.9,2.3,30200,18.3,59.3,33.6,20.6,18
2021,2021S05075350159.01,5350159.01,Census tract,5350159.01,00000,3506,7118.8,16.2,2.8,34400,10.9,32.5,23.7,17.9,14.9
2021,2021S05075350159.02,5350159.02,Census tract,5350159.02,00000,4865,8409.7,15.6,2.7,35600,10,32.2,26.6,20.5,13.3
2021,2021S05075350160.00,5350160.00,Census tract,5350160.00,00000,3152,4310.7,14.9,2.7,36800,9.6,31.3,26,22.9,14
2021,2021S05075350161.00,5350161.00,Census tract,5350161.00,00000,6885,8486.4,15.1,2.7,37200,11.1,39.4,26.2,29.1,12.3
2021,2021S05075350162.00,5350162.00,Census tract,5350162.00,00000,4846,8417.6,19,2.5,36400,11.1,45.2,30.7,33.3,11.9
2021,2021S05075350163.00,5350163.00,Census tract,5350163.00,00000,4308,9484.8,16.7,2.5,40400,10.8,47.1,29,46.1,11.4
2021,2021S05075350164.00,5350164.00,Census tract,5350164.00,00000,6002,9554.3,16.8,2.5,40800,9.2,41.2,27.3,52.7,13
2021,2021S05075350165.00,5350165.00,Census tract,5350165.00,00000,4209,8680.1,16.3,2.3,46000,10.3,50,25,64.2,10.1
2021,2021S05075350166.00,5350166.00,Census tract,5350166.00,00000,4024,5119.6,17.8,2.5,55600,8.9,46.5,28.7,67.7,7.9
2021,2021S05075350167.01,5350167.01,Census tract,5350167.01,00000,2446,18240.1,38.4,1.5,54400,14.5,79.9,45.7,71.4,9.2
2021,2021S05075350167.02,5350167.02,Census tract,5350167.02,00000,5745,9552.7,14.7,2,41600,13.4,81.4,39.8,54.7,13.3
2021,2021S05075350168.00,5350168.00,Census tract,5350168.00,00000,5674,10033.6,19.4,2.2,34800,16.7,62.1,31.1,45.7,13.7
2021,2021S05075350169.01,5350169.01,Census tract,5350169.01,00000,3587,9486.9,16,2.5,36400,11,50.2,26.4,39.8,12.5
2021,2021S05075350169.02,5350169.02,Census tract,5350169.02,00000,7596,17350.4,16,2.3,38000,12.3,58.6,31.3,47.6,14.3
2021,2021S05075350170.00,5350170.00,Census tract,5350170.00,00000,3407,3365.3,17.3,2.7,34800,10.1,36.7,24.9,28.6,14.3
2021,2021S05075350171.00,5350171.00,Census tract,5350171.00,00000,3914,6416.4,19.7,2.5,32400,17.4,57.1,26.7,16.2,15.6
2021,2021S05075350172.00,5350172.00,Census tract,5350172.00,00000,2505,2075.4,12.2,2.3,34000,19,79,30.7,19.9,19.6
2021,2021S05075350173.00,5350173.00,Census tract,5350173.00,00010,3586,6035,12.4,2.6,32400,19.2,53.8,28.9,22.5,20.8
2021,2021S05075350174.00,5350174.00,Census tract,5350174.00,00000,7062,6705.9,17.4,2.6,34400,12.4,51.7,33.6,21.4,18.1
2021,2021S05075350175.01,5350175.01,Census tract,5350175.01,00000,5963,7542.4,16.6,2.5,32800,21,58.6,39,18.2,18.4
2021,2021S05075350175.02,5350175.02,Census tract,5350175.02,00000,8672,11996.1,13.3,2.2,33200,21.7,82.8,42.6,18.9,20.1
2021,2021S05075350176.00,5350176.00,Census tract,5350176.00,00000,4261,4257.2,16.9,2.6,43200,9,28.7,19.9,35.3,11.8
2021,2021S05075350180.00,5350180.00,Census tract,5350180.00,00000,6462,10527.9,11.4,2.3,35200,17,72.4,28.8,40.5,17.7
2021,2021S05075350181.01,5350181.01,Census tract,5350181.01,00000,4382,7679.6,14.1,2.4,53600,6.8,21.4,22.8,55.2,8.8
2021,2021S05075350181.02,5350181.02,Census tract,5350181.02,00000,3546,5892.3,18.6,2.3,40000,12.6,47.9,25.6,43.5,16.4
2021,2021S05075350182.00,5350182.00,Census tract,5350182.00,00000,5407,7109.8,14.1,2.5,53600,7.1,19.1,20.7,55.1,9.3
2021,2021S05075350183.01,5350183.01,Census tract,5350183.01,00000,2623,5004.8,16.8,2.6,45600,6.4,25.1,22.2,50.9,10.8
2021,2021S05075350183.02,5350183.02,Census tract,5350183.02,00000,4035,9425.4,14.6,2.6,51200,6.6,20.1,18.9,60.7,11.9
2021,2021S05075350184.01,5350184.01,Census tract,5350184.01,00000,5008,10563.2,20.9,2.3,38000,15.7,52.1,29.3,51.3,12.5
2021,2021S05075350184.02,5350184.02,Census tract,5350184.02,00000,3671,6589.5,17.2,2.3,40800,10.8,50.5,24.5,46.2,14.4
2021,2021S05075350185.01,5350185.01,Census tract,5350185.01,00000,6836,13693.9,16.3,2.1,38000,14.7,72.5,37.8,44.7,13.4
2021,2021S05075350185.02,5350185.02,Census tract,5350185.02,00000,4244,3553,19,2.1,39600,14.6,63.9,32.5,46.7,17.1
2021,2021S05075350186.00,5350186.00,Census tract,5350186.00,00000,2382,1275,18.7,2.6,66500,6,37.7,27.3,71.6,10.9
2021,2021S05075350187.00,5350187.00,Census tract,5350187.00,00000,3473,2907.5,17.3,2.6,49600,5.9,18.5,22.7,47.9,11.8
2021,2021S05075350188.00,5350188.00,Census tract,5350188.00,00000,2031,3679.3,22.2,2.6,48400,7.8,26.5,20.5,51,8.3
2021,2021S05075350189.00,5350189.00,Census tract,5350189.00,00000,5655,4612.2,22.7,2.4,37600,14.7,58.4,31.3,32.2,16.5
2021,2021S05075350190.01,5350190.01,Census tract,5350190.01,00000,8588,21550.8,11.7,2.6,31200,18.4,61.3,40.7,54.1,19.7
2021,2021S05075350190.02,5350190.02,Census tract,5350190.02,00000,4612,7933.9,14.1,2.3,34400,18,70.5,33.8,29.3,16.9
2021,2021S05075350191.00,5350191.00,Census tract,5350191.00,00000,4372,5312.3,16,2.5,41200,9.5,36.1,25.2,39,14.8
2021,2021S05075350192.00,5350192.00,Census tract,5350192.00,00000,843,918.2,24.9,2,34400,18.8,64,44.2,37.5,16.9
2021,2021S05075350193.00,5350193.00,Census tract,5350193.00,00000,3264,2357.4,15.2,3.2,40800,9.5,39.7,23.6,41.8,21.6
2021,2021S05075350194.01,5350194.01,Census tract,5350194.01,00000,7821,28849.1,5.4,3.8,25600,29.5,97.3,36.5,35.1,21.3
2021,2021S05075350194.02,5350194.02,Census tract,5350194.02,00000,4717,15399.9,17,3,28800,22.9,99,40.1,41.1,18.4
2021,2021S05075350194.03,5350194.03,Census tract,5350194.03,00000,2700,10791.4,20.4,2.4,29800,24.9,99.6,32.5,40.1,19.6
2021,2021S05075350194.04,5350194.04,Census tract,5350194.04,00000,5399,2384.1,13.8,2.3,38000,17.2,61.4,36.4,55.9,13.7
2021,2021S05075350195.01,5350195.01,Census tract,5350195.01,00000,4425,4721,14.2,2.7,59200,6.3,28.3,18.8,66.2,12.5
2021,2021S05075350195.02,5350195.02,Census tract,5350195.02,00000,2384,6305.2,14.9,2.5,67500,5,14.5,22,74.2,9.1
2021,2021S05075350196.01,5350196.01,Census tract,5350196.01,00000,1942,5145.7,21.4,2.5,61600,5.3,25.2,22.6,75.2,12.9
2021,2021S05075350196.02,5350196.02,Census tract,5350196.02,00000,5577,5044.8,19.3,2.5,67000,5.1,29.5,24.8,75.8,10.4
2021,2021S05075350200.01,5350200.01,Census tract,5350200.01,00000,5594,10028.7,22.3,1.9,40000,16.2,67,39.6,39,15.8
2021,2021S05075350200.02,5350200.02,Census tract,5350200.02,00000,1049,7126.4,17.2,1.6,39200,18.8,86.3,49.2,33.8,22
2021,2021S05075350201.00,5350201.00,Census tract,5350201.00,00000,5528,7267.9,17.1,2,45600,15.5,49.1,31.5,56.4,9.6
2021,2021S05075350202.00,5350202.00,Census tract,5350202.00,00000,1640,4882.4,15.2,2.5,50400,6.5,30.8,23.3,54.7,8.6
2021,2021S05075350203.00,5350203.00,Census tract,5350203.00,00000,3425,5740.9,14.5,2.2,49200,8.3,43.7,28.2,43.1,12.5
2021,2021S05075350204.00,5350204.00,Census tract,5350204.00,00000,4596,6156.7,18.2,2.1,44000,12.2,50.7,25.2,47.8,13.4
2021,2021S05075350205.00,5350205.00,Census tract,5350205.00,05999,144,193.3,89.7,,,,,,,
2021,2021S05075350206.01,5350206.01,Census tract,5350206.01,00000,5106,4478.2,16,2.1,47200,10.7,43.7,31.2,49.6,9
2021,2021S05075350206.02,5350206.02,Census tract,5350206.02,00000,6294,5777,13.5,2.2,44000,11.6,55.1,31.4,45.6,13.6
2021,2021S05075350207.00,5350207.00,Census tract,5350207.00,00010,2597,3847.4,13.1,2.3,38800,12.1,40.1,32.3,37.4,11.3
2021,2021S05075350208.00,5350208.00,Census tract,5350208.00,00000,4165,3210.3,15.4,2.1,32400,22.2,70.6,35,33.6,14.6
2021,2021S05075350209.00,5350209.00,Census tract,5350209.00,00000,2862,4202.6,21.3,2.1,35600,18.4,59.2,23.8,34.8,13.6
2021,2021S05075350210.01,5350210.01,Census tract,5350210.01,00000,3703,1253.8,9.4,2.8,54000,5.3,15,20.1,49.3,10.5
2021,2021S05075350210.03,5350210.03,Census tract,5350210.03,00000,6959,15331.6,4.2,1.7,61200,11.9,37.5,41.8,62.8,9.8
2021,2021S05075350210.04,5350210.04,Census tract,5350210.04,00000,10080,21216.6,20,1.6,57200,13.1,41.1,44.4,57.8,13
2021,2021S05075350211.00,5350211.00,Census tract,5350211.00,00000,6884,2101.2,19.3,2.6,42800,6.6,25.7,21.7,37.1,11.5
2021,2021S05075350212.00,5350212.00,Census tract,5350212.00,00000,5712,3371.7,16.7,2.7,48400,5.9,20.2,20.7,43.1,12.2
2021,2021S05075350213.01,5350213.01,Census tract,5350213.01,00000,2658,2820.8,20.7,2.7,46000,5.6,15.4,16,50.9,12.3
2021,2021S05075350213.02,5350213.02,Census tract,5350213.02,00000,6301,900,13.8,1.9,52400,9.7,34.8,38,57.5,10.8
2021,2021S05075350214.00,5350214.00,Census tract,5350214.00,00000,6728,2383.2,13.1,2.1,53200,7.3,24.9,34.8,53.7,9
2021,2021S05075350215.00,5350215.00,Census tract,5350215.00,00000,7151,2778.8,18.4,2.5,47600,7.6,25,26.2,47.5,12.1
2021,2021S05075350216.00,5350216.00,Census tract,5350216.00,00000,5489,2774.7,20.8,2.6,61200,4.9,17.9,19.1,63.9,9.6
2021,2021S05075350217.00,5350217.00,Census tract,5350217.00,00000,5900,4824.2,13.9,2.1,36400,17.7,84.5,35.4,40.2,13.6
2021,2021S05075350218.00,5350218.00,Census tract,5350218.00,00000,2674,3953.3,20,2.6,73000,3.8,12.3,21,76.4,8.3
2021,2021S05075350219.00,5350219.00,Census tract,5350219.00,00000,4531,3345.9,19.7,2.8,53600,5.3,17.4,18.4,61.7,14.6
2021,2021S05075350220.00,5350220.00,Census tract,5350220.00,00000,4196,3229.9,23.8,2.6,45600,7.1,39.4,25.2,42.5,13.8
2021,2021S05075350221.01,5350221.01,Census tract,5350221.01,00000,6363,3905.8,30.6,2.4,49200,5.3,19.1,22.7,54.7,11.1
2021,2021S05075350221.02,5350221.02,Census tract,5350221.02,00000,5269,6545.3,15.2,2.5,38400,11.8,63.2,32.9,42.7,14.5
2021,2021S05075350222.01,5350222.01,Census tract,5350222.01,00000,7105,5530,16.8,2.5,44000,7,24.6,30.9,49.5,13.1
2021,2021S05075350222.02,5350222.02,Census tract,5350222.02,00000,4985,4153.5,17.6,2.8,38000,14.8,50.1,24.4,47.3,15.4
2021,2021S05075350223.01,5350223.01,Census tract,5350223.01,00000,1522,1774.3,22.3,2.9,56400,3.9,6.5,17,60.8,5.5
2021,2021S05075350223.02,5350223.02,Census tract,5350223.02,00000,2180,2498.6,17.4,2.9,54400,5,10.5,14.6,54.5,12.1
2021,2021S05075350224.00,5350224.00,Census tract,5350224.00,00000,1650,1589.4,19.4,2.9,63600,4,5.2,12.2,66.7,4.8
2021,2021S05075350225.01,5350225.01,Census tract,5350225.01,00000,5209,5669.4,30.2,2.1,47200,9.3,44.4,28.7,51.4,13.9
2021,2021S05075350225.02,5350225.02,Census tract,5350225.02,00000,10827,35556.7,13.3,2,39600,19.8,74,35.2,54.4,12.8
2021,2021S05075350226.00,5350226.00,Census tract,5350226.00,00000,2813,2964.2,19,2.8,75000,3.6,8.6,19.2,76.1,8.4
2021,2021S05075350227.00,5350227.00,Census tract,5350227.00,00000,1752,3562.4,20.2,2.7,84000,4.2,12,13.7,73.6,4.7
2021,2021S05075350228.00,5350228.00,Census tract,5350228.00,00000,3144,3830.9,31.6,2.2,71000,5.3,32.3,28.2,75.5,9.3
2021,2021S05075350229.00,5350229.00,Census tract,5350229.00,00000,1226,3827.7,21.2,3,72500,6,6.3,23.8,83.3,10
2021,2021S05075350230.01,5350230.01,Census tract,5350230.01,00000,2649,1829.3,29.2,2.2,55600,9.9,38.1,33.8,58.8,8.7
2021,2021S05075350230.02,5350230.02,Census tract,5350230.02,00000,6558,6652.5,24.5,2.4,40000,8.6,51.2,29.7,35.3,15.4
2021,2021S05075350231.00,5350231.00,Census tract,5350231.00,00000,6273,2075.3,21.8,2.5,56400,6.6,37.2,23.5,60.9,10.2
2021,2021S05075350232.00,5350232.00,Census tract,5350232.00,00000,3820,1865.8,23.7,2.9,69000,4.4,5.4,16.4,65.7,12.3
2021,2021S05075350233.00,5350233.00,Census tract,5350233.00,00000,5707,2746,19,2.8,52000,6,24.3,17.3,57.5,12.8
2021,2021S05075350234.00,5350234.00,Census tract,5350234.00,00000,4531,2157.5,19.1,2.8,47200,6.4,18,18.6,51,11.3
2021,2021S05075350235.01,5350235.01,Census tract,5350235.01,00000,2902,2062.4,18.4,2.9,50400,3.7,6.1,16.8,43.5,12.7
2021,2021S05075350235.02,5350235.02,Census tract,5350235.02,00000,5166,4792.2,22.9,2.6,39600,6.4,19.5,26.8,37.2,13
2021,2021S05075350236.01,5350236.01,Census tract,5350236.01,00000,6949,7042,20.9,2.5,38400,10.4,29.3,32.7,38.7,13.8
2021,2021S05075350236.02,5350236.02,Census tract,5350236.02,00000,5902,1490.8,24.3,2.6,44800,6.6,16.3,21.8,49.3,14.1
2021,2021S05075350237.01,5350237.01,Census tract,5350237.01,00000,6641,5602.8,17.4,2.8,34000,16,58,29.7,35.7,18.6
2021,2021S05075350237.02,5350237.02,Census tract,5350237.02,00000,3003,3144.5,18.8,2.9,41200,6.1,19,18.8,39.5,14.1
2021,2021S05075350237.03,5350237.03,Census tract,5350237.03,00000,5935,5555.6,27.8,2.3,40400,10.5,71.8,37.3,34.2,13.6
2021,2021S05075350238.01,5350238.01,Census tract,5350238.01,00000,3500,3375.8,23.4,2.7,52400,4.2,29.2,23,49.9,10.6
2021,2021S05075350238.02,5350238.02,Census tract,5350238.02,00000,5306,5433.1,17.8,2.7,36000,11.3,46.1,29.1,28.9,16.6
2021,2021S05075350239.00,5350239.00,Census tract,5350239.00,00000,6715,2659.3,14.7,2.8,36800,15.4,55.4,22.5,30.7,17.9
2021,2021S05075350240.01,5350240.01,Census tract,5350240.01,00000,3377,2656.5,26.5,2.7,50800,4.3,6.8,15.1,53.3,11.4
2021,2021S05075350240.02,5350240.02,Census tract,5350240.02,00000,6089,5871.2,33,2.2,40800,9.9,46.8,34.2,39.6,12.5
2021,2021S05075350241.00,5350241.00,Census tract,5350241.00,00000,2772,2551.8,20.6,2.8,49200,6,13.3,19.6,39.3,9.5
2021,2021S05075350242.00,5350242.00,Census tract,5350242.00,00000,1566,2563.9,14.1,2.7,33200,18.8,50.9,10.2,30.3,22.5
2021,2021S05075350243.01,5350243.01,Census tract,5350243.01,00000,6212,19708.1,17.1,2.9,29600,18.8,37.4,35.8,25.5,20.9
2021,2021S05075350243.02,5350243.02,Census tract,5350243.02,00000,3793,3120.8,19,2.9,35600,11.3,49.8,33.5,26.1,16.7
2021,2021S05075350244.01,5350244.01,Census tract,5350244.01,00000,3663,2573.6,17.1,2.9,38400,8.4,31.8,22.5,27.2,14.5
2021,2021S05075350244.02,5350244.02,Census tract,5350244.02,00000,5703,3940.4,13.4,3,31800,15,53.2,29,17.7,21.2
2021,2021S05075350245.00,5350245.00,Census tract,5350245.00,00000,7033,4949,17.2,2.6,34400,14.1,56.1,30.4,24.4,15.1
2021,2021S05075350246.00,5350246.00,Census tract,5350246.00,00000,3345,3118.3,19.1,2.7,36000,12.1,36.5,18.5,30.7,11.8
2021,2021S05075350247.01,5350247.01,Census tract,5350247.01,00000,9027,523.5,14.5,3,34000,10.3,36,29.9,38.1,14.5
2021,2021S05075350247.02,5350247.02,Census tract,5350247.02,00000,7213,2234,17.5,3,36800,7.4,27.9,24.3,33,13.7
2021,2021S05075350248.02,5350248.02,Census tract,5350248.02,00000,5538,4563.7,12.3,3.1,27600,22.7,65.1,21.6,23.6,24.8
2021,2021S05075350248.03,5350248.03,Census tract,5350248.03,00000,2651,710.2,15.1,3.4,32400,6.2,19.1,22.3,32,16.4
2021,2021S05075350248.04,5350248.04,Census tract,5350248.04,00000,4945,3347.8,18.6,3,33200,10.3,49.5,26.2,31.8,13.5
2021,2021S05075350248.05,5350248.05,Census tract,5350248.05,00000,4285,3789.7,20.9,3.2,31600,9.4,32,28.2,29.7,12.6
2021,2021S05075350249.01,5350249.01,Census tract,5350249.01,00000,4598,5541.1,23.9,3.4,32400,6,15.6,20.4,29.1,13.1
2021,2021S05075350249.03,5350249.03,Census tract,5350249.03,00000,5569,1878.3,15,3.5,32400,7.3,36.5,21.1,28.4,15.6
2021,2021S05075350249.04,5350249.04,Census tract,5350249.04,00000,2709,3943.8,17.7,3.3,32000,8.9,21.6,23.5,33.3,15.2
2021,2021S05075350249.05,5350249.05,Census tract,5350249.05,00000,5606,8717.2,9.9,3.5,27800,19.5,76.2,35.2,33.8,15.8
2021,2021S05075350250.01,5350250.01,Census tract,5350250.01,00000,5047,3634.6,17.4,3.3,31400,11.3,37.7,27.6,31.6,17.4
2021,2021S05075350250.02,5350250.02,Census tract,5350250.02,00000,4958,2557.4,19.6,2.8,34400,12.2,37.9,25.6,26.6,16
2021,2021S05075350250.04,5350250.04,Census tract,5350250.04,00000,5939,12245.4,8.3,3,34000,13.1,59.5,34.1,24.1,17
2021,2021S05075350250.05,5350250.05,Census tract,5350250.05,00000,7031,10511.3,12,3.2,28200,17.8,59.1,41.6,20.9,18.5
2021,2021S05075350260.01,5350260.01,Census tract,5350260.01,00000,6590,9236.2,17.4,2.8,30400,15.6,22.1,35.2,41.2,15.7
2021,2021S05075350260.04,5350260.04,Census tract,5350260.04,00000,3879,20622,14.6,2.8,27800,25.9,98.2,31.8,35.6,16.5
2021,2021S05075350260.05,5350260.05,Census tract,5350260.05,00000,4139,16276.1,6.3,3.1,26000,31.9,98.1,29.4,27.6,22.4
2021,2021S05075350260.06,5350260.06,Census tract,5350260.06,00000,4354,4731.6,7.6,2.6,34000,17,69.5,30.4,45.7,14.7
2021,2021S05075350260.07,5350260.07,Census tract,5350260.07,00000,3591,10420.8,26.2,2.4,34000,11.2,21.2,35.4,45.9,16
2021,2021S05075350261.00,5350261.00,Census tract,5350261.00,00000,5547,2899.8,27.3,2.4,28600,22.5,45.1,25.6,33.3,19.6
2021,2021S05075350262.01,5350262.01,Census tract,5350262.01,00000,5848,8716.6,18.1,2.2,37200,16.2,67,36.1,39.8,14.6
2021,2021S05075350262.02,5350262.02,Census tract,5350262.02,00000,6252,2913.3,16.7,2.6,35200,14.7,62.4,31.7,35.8,16.9
2021,2021S05075350263.02,5350263.02,Census tract,5350263.02,00000,3873,1937.1,27.5,2,49600,11.2,31.2,34.3,58.1,10.7
2021,2021S05075350263.03,5350263.03,Census tract,5350263.03,00000,4635,2978.6,18,2.2,43200,10,60.4,37.1,50.7,10.8
2021,2021S05075350263.04,5350263.04,Census tract,5350263.04,00000,6464,9574.9,33.6,1.9,44000,13.4,57.2,39.5,53.5,12
2021,2021S05075350264.00,5350264.00,Census tract,5350264.00,00000,1260,367.4,30.2,2.9,68000,12.6,11.8,35.3,74.8,4.5
2021,2021S05075350265.00,5350265.00,Census tract,5350265.00,00000,5555,2085.1,31,2.6,81000,8.3,13.5,26.1,81.2,10
2021,2021S05075350266.00,5350266.00,Census tract,5350266.00,00000,3094,1135.2,22.3,2.9,67000,9.1,8.5,30.1,70.8,7.1
2021,2021S05075350267.00,5350267.00,Census tract,5350267.00,00000,6042,2233.5,21.3,3,54400,10.5,16.9,30,74.8,10
2021,2021S05075350268.00,5350268.00,Census tract,5350268.00,00000,6458,2134.5,28.2,2.3,49200,10.2,27.7,30.4,58.5,9
2021,2021S05075350269.01,5350269.01,Census tract,5350269.01,00000,5284,7074.6,12.8,2.4,34400,16.9,85.2,39.6,45.5,16
2021,2021S05075350269.02,5350269.02,Census tract,5350269.02,00000,2562,1460.7,21.1,2.8,50000,7.9,9.9,26.5,68.8,17
2021,2021S05075350270.01,5350270.01,Census tract,5350270.01,00000,4763,4240.2,16.7,2.5,40000,10.8,64.8,30.4,44,17.5
2021,2021S05075350270.02,5350270.02,Census tract,5350270.02,00000,4263,5634.4,15.4,2.7,40000,10.8,73.1,34.1,38.8,17
2021,2021S05075350271.01,5350271.01,Census tract,5350271.01,00000,2394,2679.4,19.8,2.7,44400,7.2,24.3,22.6,49.8,14.7
2021,2021S05075350271.02,5350271.02,Census tract,5350271.02,00000,4724,6661,16,2.8,35200,14.4,71.3,33.7,41.7,15.8
2021,2021S05075350272.01,5350272.01,Census tract,5350272.01,00000,5945,13060.2,12.7,2.6,33600,14.2,87,33,35.2,16.2
2021,2021S05075350272.02,5350272.02,Census tract,5350272.02,00000,4623,4628.6,22.2,2.6,38000,9.6,17,27.2,49.7,12.9
2021,2021S05075350273.01,5350273.01,Census tract,5350273.01,00000,3703,1160.7,21.5,3,48400,11.8,19.8,28.6,68.1,7.7
2021,2021S05075350273.02,5350273.02,Census tract,5350273.02,00000,4032,3128.5,23.9,2.7,47200,13.1,31.9,36.6,68.3,11
2021,2021S05075350274.01,5350274.01,Census tract,5350274.01,00000,4712,3090.2,16.8,2.8,42000,14.3,50.5,32.1,58.4,13.6
2021,2021S05075350274.02,5350274.02,Census tract,5350274.02,00000,4558,3423.5,23,2.3,49600,12.4,37.7,35.7,68.8,10.1
2021,2021S05075350275.00,5350275.00,Census tract,5350275.00,00000,5567,2838.1,25,2.4,61200,7.3,36.5,28.1,67.8,9.9
2021,2021S05075350276.01,5350276.01,Census tract,5350276.01,00000,6317,5152.1,20.9,2.5,50400,8.4,35.2,25.7,63.8,11.3
2021,2021S05075350276.02,5350276.02,Census tract,5350276.02,00000,6567,5120.1,17.1,2.8,58800,6.9,25.8,24.5,72.9,10
2021,2021S05075350277.00,5350277.00,Census tract,5350277.00,00000,3925,3818.8,15.8,3.3,51600,6.3,27.6,20.1,63.8,11.1
2021,2021S05075350278.00,5350278.00,Census tract,5350278.00,00000,7734,5798.9,18,2.8,41600,10.8,51.5,30.5,51.5,11.5
2021,2021S05075350279.01,5350279.01,Census tract,5350279.01,00000,4135,3405,20,2.6,38400,9.4,36.1,28,42,11.3
2021,2021S05075350279.02,5350279.02,Census tract,5350279.02,00000,6140,3896.9,26.7,2.6,33200,10.8,45.6,29.7,26.8,21.8
2021,2021S05075350280.00,5350280.00,Census tract,5350280.00,00000,7217,3378,15.9,2.5,35600,12.9,65.4,30.8,23.5,17.1
2021,2021S05075350281.01,5350281.01,Census tract,5350281.01,00000,6403,6630.4,13.6,2.9,32800,15.1,50.3,22.4,20.7,15
2021,2021S05075350281.02,5350281.02,Census tract,5350281.02,00000,3921,9496.2,10.7,3,34000,13.3,59.8,30.3,14.5,20.9
2021,2021S05075350282.00,5350282.00,Census tract,5350282.00,00000,4588,2067.5,17.2,2.8,41600,5.6,14.5,24.7,25.5,13.2
2021,2021S05075350283.01,5350283.01,Census tract,5350283.01,00000,5153,5607.2,17.7,2.7,32800,16.6,71.8,26.5,20,19.3
2021,2021S05075350283.02,5350283.02,Census tract,5350283.02,00000,4390,3768.6,21.2,2.6,30400,22,51.5,14.1,15.5,17.6
2021,2021S05075350284.00,5350284.00,Census tract,5350284.00,00000,6762,4786.6,20,2.7,36000,9.2,50.1,26.2,27.1,13.3
2021,2021S05075350285.00,5350285.00,Census tract,5350285.00,00000,3278,2942.8,20.6,2.7,36800,8.6,36.2,24.2,32.3,17.9
2021,2021S05075350286.00,5350286.00,Census tract,5350286.00,00000,6768,2086.2,12.6,2.2,38400,15,52.4,31.8,47.4,14.5
2021,2021S05075350287.02,5350287.02,Census tract,5350287.02,00000,6471,6116.3,16.4,2.8,36000,10.8,66.9,28.8,37.6,12.2
2021,2021S05075350287.03,5350287.03,Census tract,5350287.03,00000,2699,5574.1,14.1,2.4,30400,25.6,63.7,24.1,28.6,25
2021,2021S05075350287.04,5350287.04,Census tract,5350287.04,00000,4551,7662.9,19.7,2.3,38400,14.3,48.7,30.7,55.8,7.7
2021,2021S05075350288.00,5350288.00,Census tract,5350288.00,00000,11027,4191.7,12.1,2.4,41600,10.8,49.9,33.8,51,12.3
2021,2021S05075350289.00,5350289.00,Census tract,5350289.00,00000,4885,3752.8,17,2.7,37600,8.4,38.5,25.2,32.2,14.5
2021,2021S05075350290.01,5350290.01,Census tract,5350290.01,00000,3748,3970.3,15.3,2.6,33600,12.6,71.7,28.4,19.1,16.9
2021,2021S05075350290.02,5350290.02,Census tract,5350290.02,00000,1652,4771.8,10.9,2.2,43200,10.4,31,42.5,36.2,14.6
2021,2021S05075350291.02,5350291.02,Census tract,5350291.02,00000,4881,4257.7,20.9,2.5,32000,14.4,50,19.1,19.5,16.4
2021,2021S05075350291.03,5350291.03,Census tract,5350291.03,00000,2721,6518.9,17.8,2.5,35600,13.5,53.6,34.8,30.6,15.3
2021,2021S05075350291.04,5350291.04,Census tract,5350291.04,00000,1572,3063.7,16.9,2.4,35600,13.5,59.7,30.1,31,15
2021,2021S05075350292.00,5350292.00,Census tract,5350292.00,00000,8580,2297.5,10,3.1,34800,14.1,51.8,33.2,22.9,17.4
2021,2021S05075350293.00,5350293.00,Census tract,5350293.00,00000,6808,3389.8,14.5,2.9,38800,9,21.5,26.3,32.3,14.1
2021,2021S05075350294.01,5350294.01,Census tract,5350294.01,00000,4177,4846.8,17.2,2.7,34800,13.2,60.3,29.5,17.6,15.9
2021,2021S05075350294.02,5350294.02,Census tract,5350294.02,00000,4449,4362.2,18.7,3.2,32800,7.4,17.6,22.2,19.7,15.8
2021,2021S05075350295.00,5350295.00,Census tract,5350295.00,00000,5481,5049.8,16,2.8,36800,10.1,56.6,23.7,27.8,15.6
2021,2021S05075350296.00,5350296.00,Census tract,5350296.00,00000,1744,375.3,4,2.7,48000,10.1,42.9,40.5,56.4,10.6
2021,2021S05075350297.01,5350297.01,Census tract,5350297.01,00000,7239,6385.3,20,2.4,37200,12.9,52.5,29.3,50.4,12.2
2021,2021S05075350297.02,5350297.02,Census tract,5350297.02,00000,6646,4402.5,18.3,2.6,42800,10.3,37.7,32,51.4,11.9
2021,2021S05075350298.00,5350298.00,Census tract,5350298.00,00000,4561,2016.5,12.7,3,44800,7.9,46.8,28.8,61.5,10.8
2021,2021S05075350299.01,5350299.01,Census tract,5350299.01,00000,6289,2181.8,15.8,2.8,44000,8.3,36.2,29.4,65.9,12
2021,2021S05075350299.02,5350299.02,Census tract,5350299.02,00000,5130,32203.4,18,1.8,45600,19.4,47.2,44.8,70.8,11.5
2021,2021S05075350300.01,5350300.01,Census tract,5350300.01,00000,3850,31870.9,8.2,1.8,40800,26.8,51.3,52,75.8,10.9
2021,2021S05075350300.02,5350300.02,Census tract,5350300.02,00000,7505,36379.1,8.7,1.9,51600,17.4,42,43.8,73.1,12.3
2021,2021S05075350300.03,5350300.03,Census tract,5350300.03,00000,2448,3465,16.7,2.5,45200,9.2,25.4,27.2,66.4,8.9
2021,2021S05075350301.01,5350301.01,Census tract,5350301.01,00000,2863,3188.9,18.3,2.7,44000,9.6,45.5,29.7,56.9,14.5
2021,2021S05075350301.03,5350301.03,Census tract,5350301.03,00000,8324,30424,7.3,2.4,36000,18.8,67.7,46.6,64.7,12.9
2021,2021S05075350301.04,5350301.04,Census tract,5350301.04,00000,8766,6146.4,8.3,2.2,38800,18.1,58.8,44.3,66.5,14.1
2021,2021S05075350302.01,5350302.01,Census tract,5350302.01,00000,6114,4974,25.1,2.6,38000,9.3,15,25.7,52.7,17.5
2021,2021S05075350302.02,5350302.02,Census tract,5350302.02,00000,5867,5412.9,19.3,2.9,33600,9.8,42.5,27.6,45.2,15.7
2021,2021S05075350302.03,5350302.03,Census tract,5350302.03,00000,3267,4708.2,20.9,2.9,31200,11.4,26,27.9,51.3,17.5
2021,2021S05075350303.00,5350303.00,Census tract,5350303.00,00000,6080,5718,11.8,2.7,32000,16.4,72.9,38.2,49,18.4
2021,2021S05075350304.01,5350304.01,Census tract,5350304.01,00000,4404,17665.5,10.3,2.8,32400,14.5,87.1,35,45.9,17.7
2021,2021S05075350304.02,5350304.02,Census tract,5350304.02,00000,4595,3790.6,28.2,2.4,46000,9.3,16.4,26.1,71.8,7.4
2021,2021S05075350304.03,5350304.03,Census tract,5350304.03,00000,2484,2523.6,21.5,2.9,39200,9.5,18.7,30.3,53.5,15.1
2021,2021S05075350304.04,5350304.04,Census tract,5350304.04,00000,3482,14854.9,12.2,2.6,34000,16.4,84.6,39,52.9,16.9
2021,2021S05075350304.05,5350304.05,Census tract,5350304.05,00000,2686,3820.8,35.6,2.5,36800,10.9,14.4,37.7,61.4,12.3
2021,2021S05075350304.06,5350304.06,Census tract,5350304.06,00000,5725,7644.5,22,2.6,35200,12.4,21.7,35,60.1,15.1
2021,2021S05075350305.01,5350305.01,Census tract,5350305.01,00000,4421,1836.3,25.9,2.8,46400,11.2,12.6,31.6,70.5,12.6
2021,2021S05075350305.03,5350305.03,Census tract,5350305.03,00000,4766,6700.4,20.4,2.2,42400,15.2,60.2,46.7,66.1,14.7
2021,2021S05075350305.05,5350305.05,Census tract,5350305.05,00000,6580,17560.7,19.9,1.8,42800,18.1,41.5,43.6,72.1,11.3
2021,2021S05075350305.06,5350305.06,Census tract,5350305.06,00000,4366,6940.1,6.8,1.8,42400,24.5,47,57.9,68.9,16.2
2021,2021S05075350306.01,5350306.01,Census tract,5350306.01,00000,4612,3934.8,16.9,3.1,34000,18.5,25.1,36.2,62.3,14.9
2021,2021S05075350306.02,5350306.02,Census tract,5350306.02,00000,4686,4189.5,19,2.7,42000,14.8,20.5,40.5,71.9,9.8
2021,2021S05075350307.03,5350307.03,Census tract,5350307.03,00000,4957,45022.7,17.1,2.1,33200,25,42.3,48.3,71.3,11.1
2021,2021S05075350307.04,5350307.04,Census tract,5350307.04,00000,6919,45222.2,17.8,2,39600,20,52.8,46.5,72.1,13
2021,2021S05075350307.05,5350307.05,Census tract,5350307.05,00000,3365,32170.2,11.6,1.8,38400,22.9,45,46.2,71.2,11.1
2021,2021S05075350307.06,5350307.06,Census tract,5350307.06,00000,5057,48531.7,18.5,2.2,34400,23.1,33.9,46.4,74.6,15.2
2021,2021S05075350307.07,5350307.07,Census tract,5350307.07,00000,6216,5075.9,17.6,2.6,36000,17.3,40.5,46.9,70.6,15.3
2021,2021S05075350308.02,5350308.02,Census tract,5350308.02,00000,4327,3037.1,19.9,2.8,38400,12.1,26.1,35.3,63.9,13.1
2021,2021S05075350308.03,5350308.03,Census tract,5350308.03,00000,1115,2810.7,17.9,2.9,45200,6.8,21.3,28,67.8,9.3
2021,2021S05075350308.05,5350308.05,Census tract,5350308.05,00000,2386,3226.5,19.3,2.8,41200,11.5,19.3,31.4,69.9,14.1
2021,2021S05075350308.06,5350308.06,Census tract,5350308.06,00000,5585,29225.5,24.4,1.9,36400,24.5,40.9,43.4,72.1,9.8
2021,2021S05075350308.07,5350308.07,Census tract,5350308.07,00000,3797,24576.1,20.2,1.8,34400,28.8,61.6,49.3,67.1,12.9
2021,2021S05075350309.00,5350309.00,Census tract,5350309.00,00000,6361,8635.6,15.8,2.7,34400,12.7,87.3,33,42.8,15.2
2021,2021S05075350310.01,5350310.01,Census tract,5350310.01,00000,3609,2554,21.2,2.9,43200,7.6,21.7,25.5,58.7,12.6
2021,2021S05075350310.02,5350310.02,Census tract,5350310.02,00000,5328,2532.7,14.8,2.8,36400,11.9,50.8,28.5,45.3,13.3
2021,2021S05075350311.02,5350311.02,Census tract,5350311.02,00000,6010,6749,18,2.7,32000,14.8,55.2,27.7,24.5,17.6
2021,2021S05075350311.03,5350311.03,Census tract,5350311.03,00000,2672,3340,19.9,3.1,32400,9.9,29.3,24.7,32.4,15.4
2021,2021S05075350311.04,5350311.04,Census tract,5350311.04,00000,6517,6789.2,16.5,3,34000,9.4,49.8,25.1,25.9,16.7
2021,2021S05075350311.05,5350311.05,Census tract,5350311.05,00000,6698,19375.2,10.4,2.7,32800,13.6,59.7,36.3,34.8,14.6
2021,2021S05075350311.06,5350311.06,Census tract,5350311.06,00000,6660,650.7,7.7,2.4,32400,19,57.1,40.2,49.1,17.3
2021,2021S05075350312.02,5350312.02,Census tract,5350312.02,00000,3505,6724.9,15,3.1,31200,12.6,38.9,28.4,18.8,18.3
2021,2021S05075350312.03,5350312.03,Census tract,5350312.03,00000,6374,4285.6,16.6,3,32800,13,50.6,27.3,16.8,17.2
2021,2021S05075350312.04,5350312.04,Census tract,5350312.04,00000,5234,7214.3,16.7,3.2,28800,17,60.3,25.5,8.3,20.9
2021,2021S05075350312.05,5350312.05,Census tract,5350312.05,00000,3685,10653.4,9.6,2.9,27200,24.1,81.1,29.5,11.3,24.7
2021,2021S05075350312.06,5350312.06,Census tract,5350312.06,00000,3415,7449.8,16.4,3.2,30000,13.2,42.6,21.2,14.2,18
2021,2021S05075350312.07,5350312.07,Census tract,5350312.07,00000,3535,5680.5,31,2.5,28600,19.2,43.1,21.8,20,21.7
2021,2021S05075350313.00,5350313.00,Census tract,5350313.00,00000,5554,1935.2,16.3,3,34800,8.5,35.1,23.1,25.4,14.9
2021,2021S05075350314.01,5350314.01,Census tract,5350314.01,00000,6275,14657.8,10.1,2.8,32000,18,86.7,35.8,19.7,15.9
2021,2021S05075350314.02,5350314.02,Census tract,5350314.02,00000,5130,4705.1,17.1,3.2,31400,12.6,29.6,24.2,30.2,18.3
2021,2021S05075350315.01,5350315.01,Census tract,5350315.01,00000,3267,2172.8,25,2.9,35200,6.5,10.9,20.2,27.8,15.2
2021,2021S05075350315.02,5350315.02,Census tract,5350315.02,00000,3365,7864,16.9,3.2,28400,16.4,34.8,32.3,24.8,19.9
2021,2021S05075350315.03,5350315.03,Census tract,5350315.03,00000,5562,925.5,18.5,3.2,30400,13,34.8,28.5,24,17.5
2021,2021S05075350316.01,5350316.01,Census tract,5350316.01,00000,3970,2237.1,25.4,3.1,31800,10,16.3,21.8,17.8,17.6
2021,2021S05075350316.03,5350316.03,Census tract,5350316.03,00000,5761,14377.3,9.8,3,30000,19.9,92.7,34.4,11.7,20.2
2021,2021S05075350316.04,5350316.04,Census tract,5350316.04,00000,4105,8904.6,16.3,2.5,25600,29.8,72.8,28.3,14.4,19.8
2021,2021S05075350316.05,5350316.05,Census tract,5350316.05,00000,4104,10140.8,12.5,3,30600,16.2,71.9,28,15.7,19.4
2021,2021S05075350316.06,5350316.06,Census tract,5350316.06,00000,3367,8309.5,11.9,3.1,28600,20.5,64.3,22.1,16.4,20.2
2021,2021S05075350317.02,5350317.02,Census tract,5350317.02,00000,7242,16752.3,26.2,2.3,30600,20,71.3,42,40.9,16.1
2021,2021S05075350317.03,5350317.03,Census tract,5350317.03,00000,3531,2978.7,22.4,2.9,36000,8.4,25.2,22.7,60.2,13.6
2021,2021S05075350317.04,5350317.04,Census tract,5350317.04,00000,6731,9382.5,17.2,2.7,34000,11.4,47.5,41,39.1,17
2021,2021S05075350317.05,5350317.05,Census tract,5350317.05,00000,2162,4369.4,26.4,2.7,34000,11.1,28.9,21.9,45.7,12.6
2021,2021S05075350318.01,5350318.01,Census tract,5350318.01,00000,4762,3365.4,17,2.8,36400,11.8,38.2,38.5,52.7,13
2021,2021S05075350318.02,5350318.02,Census tract,5350318.02,00000,4137,8418.8,11.8,2.3,32400,21.9,58.2,46.5,63.1,12.8
2021,2021S05075350319.00,5350319.00,Census tract,5350319.00,00000,4099,3411.3,19.1,2.7,33200,15.8,37.2,36.8,52.4,13.3
2021,2021S05075350320.01,5350320.01,Census tract,5350320.01,00000,5178,7027.7,23.5,2.5,31200,16.8,70.9,44.9,45.4,16
2021,2021S05075350320.02,5350320.02,Census tract,5350320.02,00000,5802,6803.5,19.8,2.8,32800,11.9,41.2,34.2,48.6,13.7
2021,2021S05075350321.01,5350321.01,Census tract,5350321.01,00000,3808,3030.2,22.6,3,33600,13.6,21.9,38.3,59.5,15.6
2021,2021S05075350321.02,5350321.02,Census tract,5350321.02,00000,3879,3186.8,19.8,2.7,34800,14.6,41.6,41.7,60.1,12.3
2021,2021S05075350322.01,5350322.01,Census tract,5350322.01,00000,4495,21600.2,14.3,2.1,35600,22.3,43.4,47.9,67.9,12.4
2021,2021S05075350322.02,5350322.02,Census tract,5350322.02,00000,3814,2712.5,37.4,2.6,31200,19.9,39.8,41.1,62.7,11.8
2021,2021S05075350323.01,5350323.01,Census tract,5350323.01,00000,4274,4130.7,25.7,2.4,39600,11.9,58.4,39.7,58.9,13.6
2021,2021S05075350323.02,5350323.02,Census tract,5350323.02,00000,4950,2705.7,40.5,2.5,40800,10.2,40.7,45.1,68.6,11.7
2021,2021S05075350324.01,5350324.01,Census tract,5350324.01,00000,3275,2765.3,21.4,2.9,32800,14.3,27.2,22.6,56,15.3
2021,2021S05075350324.02,5350324.02,Census tract,5350324.02,00000,5925,3133.8,21.9,2.7,32000,16.6,29.9,25,59.7,16.3
2021,2021S05075350324.03,5350324.03,Census tract,5350324.03,00000,3671,1694.2,47.5,2.2,37600,16.9,24.3,25.7,63.8,10.7
2021,2021S05075350324.05,5350324.05,Census tract,5350324.05,00000,3336,5087.7,31.2,2.4,30800,19.2,35.5,25.4,63.8,11.7
2021,2021S05075350324.06,5350324.06,Census tract,5350324.06,00000,3442,5246.2,18,2.9,38000,9,17.5,26,61,13
2021,2021S05075350330.00,5350330.00,Census tract,5350330.00,00000,4252,1901,27.2,2.5,46000,5.8,25.4,26.4,46.1,12.7
2021,2021S05075350331.01,5350331.01,Census tract,5350331.01,00000,5545,3522.9,27.4,2.4,47600,5.8,18.9,22.1,47.2,14
2021,2021S05075350331.03,5350331.03,Census tract,5350331.03,00000,6065,11899.2,8.2,3.3,30200,18.5,75.7,29.2,32.3,21.5
2021,2021S05075350331.04,5350331.04,Census tract,5350331.04,00000,3372,3050.2,24.3,2.4,40000,7.8,10.5,36.1,48.5,13.6
2021,2021S05075350332.00,5350332.00,Census tract,5350332.00,00000,7337,4795.4,16.3,2.6,31600,20.1,62.9,27.2,29.9,16.9
2021,2021S05075350333.00,5350333.00,Census tract,5350333.00,00000,4717,1927.5,18,2.9,39600,7.1,23.6,24.6,40.2,15.3
2021,2021S05075350334.00,5350334.00,Census tract,5350334.00,00000,3610,1474.7,17,2.8,48400,8.4,15.4,22.3,56.2,11.3
2021,2021S05075350335.00,5350335.00,Census tract,5350335.00,00000,7857,3523.5,19.2,2.6,34000,14.2,52.7,26.9,41.9,17.4
2021,2021S05075350336.00,5350336.00,Census tract,5350336.00,00000,6901,4283.4,16.3,2.8,38400,7.4,18,25.6,36.1,15.3
2021,2021S05075350337.01,5350337.01,Census tract,5350337.01,00000,1177,5835.4,11.9,2.1,36800,19.2,54.9,43.1,30.8,20.3
2021,2021S05075350337.02,5350337.02,Census tract,5350337.02,00000,2008,3105,25.1,2.2,39600,17.4,66.1,33.5,31.4,18.6
2021,2021S05075350338.00,5350338.00,Census tract,5350338.00,00000,6092,3616.5,18.3,2.2,46000,11.5,34.7,21.7,42.1,15.4
2021,2021S05075350339.00,5350339.00,Census tract,5350339.00,00000,6937,3817,21.5,2.2,54400,7.4,34.2,27.6,57.2,12.5
2021,2021S05075350340.00,5350340.00,Census tract,5350340.00,00000,6931,5466.5,12.3,2.8,34800,15.8,49.7,30.1,42.4,14.7
2021,2021S05075350341.02,5350341.02,Census tract,5350341.02,00000,4576,5688.7,21.4,2.4,32000,16.7,46.2,29.8,37.6,19.4
2021,2021S05075350341.03,5350341.03,Census tract,5350341.03,00000,3185,7962.5,6.4,2.7,25600,34.6,99.2,23.4,35.3,26
2021,2021S05075350341.04,5350341.04,Census tract,5350341.04,00000,6152,9168.4,11.5,2.6,30000,20.3,71.6,29,37.6,20.4
2021,2021S05075350342.00,5350342.00,Census tract,5350342.00,00000,7329,5925.8,12.7,3.1,35200,10.3,40.3,28.2,39.8,15.5
2021,2021S05075350343.00,5350343.00,Census tract,5350343.00,00000,4260,3828.9,17,2.8,32800,14.8,41.1,26.7,30.5,17.1
2021,2021S05075350344.01,5350344.01,Census tract,5350344.01,00000,5183,4878.6,19.1,2.8,32400,13.5,48.1,27.5,30.3,16.5
2021,2021S05075350344.02,5350344.02,Census tract,5350344.02,00000,3301,14816,20.9,1.9,29200,31.9,54.8,30.5,25.4,23.7
2021,2021S05075350345.00,5350345.00,Census tract,5350345.00,00000,4042,5121,16.2,2.9,34400,10.1,23.5,25.1,42.1,16.4
2021,2021S05075350346.01,5350346.01,Census tract,5350346.01,00000,4630,3059.5,12.5,2.9,32800,16.2,60.2,22,31.2,19
2021,2021S05075350346.02,5350346.02,Census tract,5350346.02,00000,5323,13307.5,11.9,2.7,35600,13.5,70.9,26.8,37.5,16.5
2021,2021S05075350347.00,5350347.00,Census tract,5350347.00,00000,3390,2261.2,10.3,2.9,44400,8.2,18.1,29.5,50.4,15.2
2021,2021S05075350348.00,5350348.00,Census tract,5350348.00,00000,5780,2495.8,23.4,2.7,41200,6.6,20.7,24.7,44.4,12.3
2021,2021S05075350349.00,5350349.00,Census tract,5350349.00,00000,5633,6428.9,13.8,2.5,34800,15.1,68.3,35.7,27.7,22.1
2021,2021S05075350350.00,5350350.00,Census tract,5350350.00,00000,5228,1555.5,19.5,2.7,34000,12.3,34.9,24.4,35.1,14.6
2021,2021S05075350351.01,5350351.01,Census tract,5350351.01,00000,5376,5514.4,18.4,2.7,33200,14,53.9,24.3,31.7,15.8
2021,2021S05075350351.02,5350351.02,Census tract,5350351.02,00000,2683,4732.8,17.5,2.7,34800,13.6,57.7,27.9,31.2,17.4
2021,2021S05075350352.00,5350352.00,Census tract,5350352.00,00000,5278,4684.1,18.6,2.8,33200,9.8,31.7,31.1,38.3,14.2
2021,2021S05075350353.02,5350353.02,Census tract,5350353.02,00000,5464,4511.6,15.5,3.3,33200,9,37,25.5,33.9,16.3
2021,2021S05075350353.03,5350353.03,Census tract,5350353.03,00000,3000,7351.1,17.8,2.9,34000,9.2,28.1,25.6,45.8,16.9
2021,2021S05075350353.04,5350353.04,Census tract,5350353.04,00000,4255,6758.3,15.2,2.8,31600,17.6,49.5,25.2,31.7,20.6
2021,2021S05075350354.00,5350354.00,Census tract,5350354.00,00000,5421,4098.1,19.4,3.1,34000,10.4,29.4,28.7,38.6,14.3
2021,2021S05075350355.02,5350355.02,Census tract,5350355.02,00000,5097,4630.3,20.6,2.7,34800,12,36.9,31.4,32.2,16.3
2021,2021S05075350355.04,5350355.04,Census tract,5350355.04,00000,5152,8956.9,17.2,2.8,34000,12.3,72.9,35.2,31.2,14.6
2021,2021S05075350355.05,5350355.05,Census tract,5350355.05,00000,3525,11283.6,15,2.5,33200,16.6,69.8,37.1,27.8,15
2021,2021S05075350355.06,5350355.06,Census tract,5350355.06,00000,1791,9337.9,9.5,3.1,31600,19.8,68.7,21.1,27.5,22.9
2021,2021S05075350356.00,5350356.00,Census tract,5350356.00,00000,4962,3218.1,21.5,3.1,35200,6.6,20.3,23.1,30.6,16.2
2021,2021S05075350357.01,5350357.01,Census tract,5350357.01,00000,6706,6465.5,18.1,2.9,26800,24.2,78.7,27,27.1,20.5
2021,2021S05075350357.02,5350357.02,Census tract,5350357.02,00000,5001,4579.3,12,2.9,30200,25.1,69.3,24.5,20.2,19.7
2021,2021S05075350358.01,5350358.01,Census tract,5350358.01,00000,3504,3125.2,18.8,3.1,36400,7.8,15.3,24.9,27.4,19.3
2021,2021S05075350358.02,5350358.02,Census tract,5350358.02,00000,5280,8545.1,16.6,2.6,32400,18.6,47,29.8,31.4,19.7
2021,2021S05075350358.03,5350358.03,Census tract,5350358.03,00000,5718,5233.4,14.1,2.5,30400,20.8,57.8,22.9,29.7,17.1
2021,2021S05075350359.00,5350359.00,Census tract,5350359.00,00000,7681,3479.3,15.6,2.7,31600,19,50.4,31.9,25.7,15
2021,2021S05075350360.00,5350360.00,Census tract,5350360.00,00000,6231,1377.7,17.3,3,39600,6.4,17.6,21.3,36.7,15.4
2021,2021S05075350361.01,5350361.01,Census tract,5350361.01,00000,6037,2057.3,23.3,3,48400,4.2,9.4,18.5,53,12
2021,2021S05075350361.02,5350361.02,Census tract,5350361.02,00000,7416,3001.7,18.7,3,49200,4,6.5,13.5,47.8,11.5
2021,2021S05075350362.01,5350362.01,Census tract,5350362.01,00000,6291,2523.3,20.1,3,38000,8.4,33.9,27,36,15.4
2021,2021S05075350362.02,5350362.02,Census tract,5350362.02,00000,5803,2990.8,20.6,3.4,37600,5.2,14.7,18.7,37.8,15.4
2021,2021S05075350362.03,5350362.03,Census tract,5350362.03,00000,6875,2098.8,24.4,3.3,37200,7.8,12.9,21.4,41.2,14.6
2021,2021S05075350362.04,5350362.04,Census tract,5350362.04,00000,5240,3889,26,2.8,37200,7.7,28.4,23.8,29.3,16.5
2021,2021S05075350363.02,5350363.02,Census tract,5350363.02,00000,3270,2749.1,20.8,3,38400,6.9,25.2,25.7,34.8,15.1
2021,2021S05075350363.04,5350363.04,Census tract,5350363.04,00000,3908,3471.3,16.5,3.4,36400,6.4,22.6,25.4,37.6,14.5
2021,2021S05075350363.05,5350363.05,Census tract,5350363.05,00000,4665,9244.9,10.1,2.8,30200,23.7,70.4,33,31.7,17.6
2021,2021S05075350363.06,5350363.06,Census tract,5350363.06,00000,7176,8740.6,15.2,2.2,36800,16.7,32.4,42.5,53.2,13.6
2021,2021S05075350363.07,5350363.07,Census tract,5350363.07,00000,5164,2303.1,12.8,2.7,27400,25.4,82,27.2,34.6,21.9
2021,2021S05075350364.01,5350364.01,Census tract,5350364.01,00000,5865,2048.6,18.8,3,34400,11.2,33.2,23.8,36.3,15.5
2021,2021S05075350364.02,5350364.02,Census tract,5350364.02,00000,3110,4211.8,19.6,3.1,36400,9.1,28.5,26.1,40.5,11.1
2021,2021S05075350365.00,5350365.00,Census tract,5350365.00,00000,7650,4880.7,14,3.3,32400,10.8,35.1,29.3,40.3,15
2021,2021S05075350366.00,5350366.00,Census tract,5350366.00,00000,6228,4329.8,17.2,3,32800,12.9,39.3,23,34,15.3
2021,2021S05075350367.01,5350367.01,Census tract,5350367.01,00000,4534,6357.3,10.8,3.4,31200,13.3,64.1,27.1,47.6,16.9
2021,2021S05075350367.02,5350367.02,Census tract,5350367.02,00000,3560,3454,21.3,3,36400,7.4,14.7,21.7,34.6,14.1
2021,2021S05075350368.01,5350368.01,Census tract,5350368.01,00000,6624,7455.3,16.4,1.9,36400,23.4,38.9,45.5,57.4,12.3
2021,2021S05075350368.02,5350368.02,Census tract,5350368.02,00000,4365,2793.2,32,2.6,32000,13.2,35.1,20.8,34.4,16.7
2021,2021S05075350369.00,5350369.00,Census tract,5350369.00,00000,8145,3325.4,14.2,3.3,32800,13.6,43.1,23.9,33.6,16.7
2021,2021S05075350370.01,5350370.01,Census tract,5350370.01,00000,9656,5499.2,16.8,2.6,33200,17,50,33.2,35.4,14.5
2021,2021S05075350370.02,5350370.02,Census tract,5350370.02,00000,5574,2451.4,18,2.9,32800,11.6,31.6,31.7,37.2,14.9
2021,2021S05075350370.03,5350370.03,Census tract,5350370.03,00000,4262,4972,15.1,3.1,34400,9.6,33.8,22.7,31.7,14.4
2021,2021S05075350371.00,5350371.00,Census tract,5350371.00,00000,8463,2272.5,18,2.8,35200,10.9,30.3,33.8,37.2,14.5
2021,2021S05075350372.00,5350372.00,Census tract,5350372.00,00000,4333,3287.8,19.6,3,36400,7,16.3,23.1,38.2,16.7
2021,2021S05075350373.00,5350373.00,Census tract,5350373.00,00000,4934,5147.1,16.2,2.8,34800,11.9,52.9,31.5,34.9,12.6
2021,2021S05075350374.01,5350374.01,Census tract,5350374.01,00000,5150,4339.8,16.8,2.9,35200,9.5,30.8,26.4,44.9,13.6
2021,2021S05075350374.02,5350374.02,Census tract,5350374.02,00000,3171,3952.4,22.4,3,34000,9.6,10.6,23.6,40.5,17.2
2021,2021S05075350374.03,5350374.03,Census tract,5350374.03,00000,4053,5016.1,24.6,2.5,29400,18.4,61.8,29,35.9,18.9
2021,2021S05075350375.01,5350375.01,Census tract,5350375.01,00000,6266,6574.3,27.9,2.3,28400,23,60,32.4,40.9,18.6
2021,2021S05075350375.02,5350375.02,Census tract,5350375.02,00000,1887,3074.3,23.6,2.8,43600,5.2,28.1,20,51.1,12.6
2021,2021S05075350375.03,5350375.03,Census tract,5350375.03,00000,5221,6436.9,16.4,2.8,32800,16.1,61.2,26.1,37.8,16.4
2021,2021S05075350375.04,5350375.04,Census tract,5350375.04,00000,5785,6279.2,18,3.1,32800,10.3,20.6,30,40.1,16.5
2021,2021S05075350375.05,5350375.05,Census tract,5350375.05,00000,6915,6122.7,23.6,2.6,34000,13.6,52.7,30.9,43.8,12.8
2021,2021S05075350376.01,5350376.01,Census tract,5350376.01,00000,5025,4804,17.9,3.1,29000,17.6,33.4,27.4,29.7,23.4
2021,2021S05075350376.02,5350376.02,Census tract,5350376.02,00000,4667,5437.5,18.6,3,29400,14,37.2,37.2,30.9,14.4
2021,2021S05075350376.04,5350376.04,Census tract,5350376.04,00000,5296,4435.1,31,2.7,32000,14.6,32.1,33.1,41.7,14.7
2021,2021S05075350376.05,5350376.05,Census tract,5350376.05,00000,6299,4879.9,24.4,3.2,28200,14.5,9.9,36.3,33.3,22.9
2021,2021S05075350376.06,5350376.06,Census tract,5350376.06,00000,428,195.3,90.7,1.4,23800,45,16.7,53.7,25,0
2021,2021S05075350376.08,5350376.08,Census tract,5350376.08,00000,6056,6891.2,26,2.8,31600,13,13.6,34.7,37.4,17.9
2021,2021S05075350376.09,5350376.09,Census tract,5350376.09,00000,4250,5305.9,29.3,2.7,28600,16.7,16.6,39.1,39.4,18.6
2021,2021S05075350376.11,5350376.11,Census tract,5350376.11,00000,3313,7042.9,14.8,3.2,30200,15.8,47.7,25.3,29.7,16.3
2021,2021S05075350376.12,5350376.12,Census tract,5350376.12,00000,5081,5570.1,28.9,2.7,32800,9.8,14.3,32.4,47.4,16.8
2021,2021S05075350376.13,5350376.13,Census tract,5350376.13,00000,3626,7095.9,32.6,2.7,27800,17.8,12.8,40.9,42.4,15.9
2021,2021S05075350376.14,5350376.14,Census tract,5350376.14,00000,3472,4716.1,22.5,3.3,29600,10.2,9,22.4,35.1,19.3
2021,2021S05075350376.15,5350376.15,Census tract,5350376.15,00000,3560,3898.8,40,2.4,30800,17.9,14.2,40.5,50.3,13.8
2021,2021S05075350376.16,5350376.16,Census tract,5350376.16,00000,4484,16515.7,26.3,2.3,31800,19.3,73.4,45.3,45.1,16.3
2021,2021S05075350377.02,5350377.02,Census tract,5350377.02,00000,4356,2285.4,23,3.1,30600,11.8,19.5,23.2,37.2,15.6
2021,2021S05075350377.03,5350377.03,Census tract,5350377.03,00000,2682,4125.5,22.4,3.2,31400,10.4,16.9,23.6,40.3,17.4
2021,2021S05075350377.04,5350377.04,Census tract,5350377.04,00000,5466,6188.2,20.6,3.3,29400,11,12,25.9,26.9,18.8
2021,2021S05075350377.06,5350377.06,Census tract,5350377.06,00000,3408,6660.2,19.9,3.6,26400,13.8,11.1,25.4,24.4,22.1
2021,2021S05075350377.07,5350377.07,Census tract,5350377.07,00000,4556,5958.7,25.2,3.3,29000,13.2,13.1,29.8,27.9,19.5
2021,2021S05075350377.08,5350377.08,Census tract,5350377.08,00000,4912,3873.2,22.2,2.9,30800,13.1,19.9,29.9,36.7,15.4
2021,2021S05075350377.09,5350377.09,Census tract,5350377.09,00000,5506,7052.6,9.2,2,39200,17.3,41.5,46.3,51.5,11.5
2021,2021S05075350378.02,5350378.02,Census tract,5350378.02,00000,2970,2806.1,19.5,3.3,30000,10.8,37.2,23.6,34.3,16.8
2021,2021S05075350378.03,5350378.03,Census tract,5350378.03,00000,7948,3616,15.2,3,35200,9.6,22.2,30,34.1,14.4
2021,2021S05075350378.04,5350378.04,Census tract,5350378.04,00000,5958,4657.2,15.1,3.4,31000,10.8,30,26.1,34.6,17.1
2021,2021S05075350378.05,5350378.05,Census tract,5350378.05,00000,3905,5367,17.1,3.3,34400,8.4,36.7,20.8,26.2,17.8
2021,2021S05075350378.06,5350378.06,Census tract,5350378.06,00000,5763,3234.2,14.7,3.5,32000,8.5,22.6,29.3,29.4,17.4
2021,2021S05075350378.07,5350378.07,Census tract,5350378.07,00000,6694,2386.7,22.8,2.9,31400,11.4,28.5,34.1,34.6,14.9
2021,2021S05075350378.08,5350378.08,Census tract,5350378.08,00000,6275,7084.8,22.2,3.1,31000,11.6,28.1,31.7,29.1,16.6
2021,2021S05075350378.11,5350378.11,Census tract,5350378.11,00000,5633,5872,14.4,3.3,31600,10.4,26.2,33.4,35.7,17.7
2021,2021S05075350378.12,5350378.12,Census tract,5350378.12,00000,5300,6761.1,19.1,2.8,30400,16.3,47.9,33.4,31.8,16.6
2021,2021S05075350378.14,5350378.14,Census tract,5350378.14,00000,3707,3989.9,18.1,3.3,29200,12.2,44.7,31.3,35.2,14.6
2021,2021S05075350378.16,5350378.16,Census tract,5350378.16,00000,5695,8924.9,20.6,3,31600,11.6,16.8,35.1,29.7,17.5
2021,2021S05075350378.17,5350378.17,Census tract,5350378.17,00000,3265,6888.2,14.2,3.5,32400,11,32.4,21.1,27.8,16.3
2021,2021S05075350378.18,5350378.18,Census tract,5350378.18,00000,2587,28459.8,26.6,2.4,25800,26.4,22.8,44.7,24.8,15.9
2021,2021S05075350378.19,5350378.19,Census tract,5350378.19,00000,4808,1067.9,20.4,3.5,30400,10.5,7.2,24.3,25.3,18
2021,2021S05075350378.20,5350378.20,Census tract,5350378.20,00000,1918,17516,31.5,2.5,25600,22,13.9,47.7,30.8,17.7
2021,2021S05075350378.21,5350378.21,Census tract,5350378.21,00000,3612,5146.8,20.4,3.5,30400,10,7.2,25.9,29,19.2
2021,2021S05075350378.22,5350378.22,Census tract,5350378.22,00000,3114,5852.3,23.6,3.6,27800,11.9,6.9,27.5,28.5,19.5
2021,2021S05075350378.23,5350378.23,Census tract,5350378.23,00000,3840,2507.5,26.8,3,30000,9.4,13.9,27.5,40.8,16.5
2021,2021S05075350378.24,5350378.24,Census tract,5350378.24,00000,5820,2316,31.7,2.6,28200,17.5,17.1,30.4,35.6,18.7
2021,2021S05075350378.25,5350378.25,Census tract,5350378.25,00000,7612,1610.7,12.9,4.1,34400,5.6,12.3,29.6,30.1,15.2
2021,2021S05075350378.26,5350378.26,Census tract,5350378.26,00000,4867,2991.9,13.8,4,34400,4.9,11.3,26.2,32.2,14.3
2021,2021S05075350378.27,5350378.27,Census tract,5350378.27,00000,5547,278.6,11.8,3.6,36000,5,16.4,27.2,32.9,14
2021,2021S05075350378.28,5350378.28,Census tract,5350378.28,00000,6946,3117.9,19.2,3.6,34400,7.2,20.7,22.3,26.1,15.9
2021,2021S05075350802.01,5350802.01,Census tract,5350802.01,00000,4011,1844.8,20,3,47200,5,5,16.2,45.1,12.1
2021,2021S05075350802.02,5350802.02,Census tract,5350802.02,00000,5373,2380.6,20.9,3,52800,4,8.3,13.1,54.9,13.4
